{
  "test/integration/pages/Detail.js": 1593686165212,
  "controller/App.controller.js": 1593686165200,
  "test/unit/model/models.js": 1593686165216,
  "test/unit/model/formatter.js": 1593686165216,
  "test/unit/controller/ListSelector.js": 1593686165216,
  "test/integration/pages/NotFound.js": 1593686165216,
  "test/integration/pages/Master.js": 1593686165216,
  "i18n/i18n.properties": 1593686165200,
  "test/integration/pages/Common.js": 1593686165212,
  "test/integration/pages/Browser.js": 1593686165212,
  "test/integration/pages/App.js": 1593686165212,
  "test/integration/arrangements/Startup.js": 1593686165208,
  "test/unit/unitTests.qunit.js": 1593686165216,
  "test/unit/AllTests.js": 1593686165216,
  "test/integration/opaTestsPhone.qunit.js": 1593686165212,
  "test/integration/opaTests.qunit.js": 1593686165208,
  "test/integration/PhoneJourneys.js": 1593686165208,
  "test/integration/NotFoundJourneyPhone.js": 1593686165208,
  "test/integration/NotFoundJourney.js": 1593686165208,
  "test/integration/NavigationJourneyPhone.js": 1593686165208,
  "test/integration/NavigationJourney.js": 1593686165208,
  "test/integration/MasterJourney.js": 1593686165204,
  "test/integration/BusyJourneyPhone.js": 1593686165204,
  "test/integration/BusyJourney.js": 1593686165204,
  "test/integration/AllJourneys.js": 1593686165204,
  "test/testsuite.qunit.js": 1593686165216,
  "test/initMockServer.js": 1593686165204,
  "model/models.js": 1593686165204,
  "model/formatter.js": 1593686165204,
  "localService/mockserver.js": 1593686165204,
  "controller/NotFound.controller.js": 1593686165200,
  "controller/Master.controller.js": 1593686165200,
  "controller/ListSelector.js": 1593686165200,
  "controller/ErrorHandler.js": 1593686165200,
  "controller/DetailObjectNotFound.js": 1593686165200,
  "controller/DetailObjectNotFound.controller.js": 1593686165200,
  "controller/Detail.controller.js": 1593686165200,
  "controller/BaseController.js": 1593686165200,
  "manifest.json": 1593686709190,
  "Component.js": 1593686165196,
  "manifest-bundle.zip": 1593686704681,
  "Component-preload.js": 1593686707781,
  "test/integration/pages/Common-dbg.js": 1593686165212,
  "test/unit/model/formatter-dbg.js": 1593686165216,
  "test/unit/controller/ListSelector-dbg.js": 1593686165216,
  "test/integration/pages/NotFound-dbg.js": 1593686165216,
  "test/integration/pages/Master-dbg.js": 1593686165216,
  "test/integration/pages/Detail-dbg.js": 1593686165212,
  "test/unit/model/models-dbg.js": 1593686165216,
  "test/integration/pages/Browser-dbg.js": 1593686165212,
  "test/integration/pages/App-dbg.js": 1593686165212,
  "test/integration/arrangements/Startup-dbg.js": 1593686165208,
  "test/unit/unitTests.qunit-dbg.js": 1593686165216,
  "test/unit/AllTests-dbg.js": 1593686165216,
  "test/integration/opaTestsPhone.qunit-dbg.js": 1593686165212,
  "test/integration/opaTests.qunit-dbg.js": 1593686165208,
  "test/integration/PhoneJourneys-dbg.js": 1593686165208,
  "test/integration/NotFoundJourneyPhone-dbg.js": 1593686165208,
  "test/integration/NotFoundJourney-dbg.js": 1593686165208,
  "test/integration/NavigationJourneyPhone-dbg.js": 1593686165208,
  "test/integration/NavigationJourney-dbg.js": 1593686165208,
  "test/integration/MasterJourney-dbg.js": 1593686165204,
  "test/integration/BusyJourneyPhone-dbg.js": 1593686165204,
  "test/integration/BusyJourney-dbg.js": 1593686165204,
  "test/integration/AllJourneys-dbg.js": 1593686165204,
  "test/testsuite.qunit-dbg.js": 1593686165216,
  "test/initMockServer-dbg.js": 1593686165204,
  "model/models-dbg.js": 1593686165204,
  "model/formatter-dbg.js": 1593686165204,
  "localService/mockserver-dbg.js": 1593686165204,
  "controller/NotFound-dbg.controller.js": 1593686165200,
  "controller/Master-dbg.controller.js": 1593686165200,
  "controller/ListSelector-dbg.js": 1593686165200,
  "controller/ErrorHandler-dbg.js": 1593686165200,
  "controller/DetailObjectNotFound-dbg.js": 1593686165200,
  "controller/DetailObjectNotFound-dbg.controller.js": 1593686165200,
  "controller/Detail-dbg.controller.js": 1593686165200,
  "controller/BaseController-dbg.js": 1593686165200,
  "controller/App-dbg.controller.js": 1593686165200,
  "Component-dbg.js": 1593686165196,
  "resources.json": 1593686709277,
  "test/unit/unitTests.qunit.html": 1593686165216,
  "test/integration/opaTestsPhone.qunit.html": 1593686165212,
  "test/integration/opaTests.qunit.html": 1593686165208,
  "view/ViewSettingsDialog.fragment.xml": 1593686165220,
  "view/NotFound.view.xml": 1593686165220,
  "view/Master.view.xml": 1593686165220,
  "view/DetailObjectNotFound.view.xml": 1593686165220,
  "view/Detail.view.xml": 1593686165220,
  "view/App.view.xml": 1593686165220,
  "test/testsuite.qunit.html": 1593686165216,
  "test/mockServer.html": 1593686165216,
  "localService/metadata.xml": 1593686165204,
  "test.html": 1593686165204,
  "index.html": 1593686165200
}